<CraftingRecipeWidget xmlns="runtime-namespace:Game">
  <StackPanelWidget Direction="Vertical">
    <LabelWidget Name="CraftingRecipeWidget.Name"  HorizontalAlignment="Center" Margin="0, 10"/>
    <CanvasWidget Size="400, 50" HorizontalAlignment="Center" Margin="0, 10">
      <LabelWidget Name="CraftingRecipeWidget.Description"  HorizontalAlignment="Center" VerticalAlignment="Near" TextAnchor="HorizontalCenter" WordWrap="true"/>
    </CanvasWidget>
    <CanvasWidget Name="CraftingRecipeWidget.Canvas" HorizontalAlignment="Center" Margin="0, 10">
      <BevelledRectangleWidget Size="400, 280" BevelSize="3" />
      <GridPanelWidget Name="CraftingRecipeWidget.Ingredients" CanvasWidget.Position="24, 32" ColumnsCount="3" RowsCount="3" Margin="20, 0"/>
      <CraftingRecipeSlotWidget Name="CraftingRecipeWidget.Result" CanvasWidget.Position="303, 104"/>
      <ArrowLineWidget Color="0, 0, 0, 96" Width="8" ArrowWidth="24" PointsString="250, 140; 283, 140" AbsoluteCoordinates="true"/>
    </CanvasWidget>
  </StackPanelWidget>
</CraftingRecipeWidget>
