<CraftingTableWidget xmlns="runtime-namespace:Game">
  <BevelledRectangleWidget Size="614, 382" BevelSize="3" />
  <GridPanelWidget Name="InventoryGrid" CanvasWidget.Position="286, 52" ColumnsCount="4" RowsCount="4"/>
  <GridPanelWidget Name="CraftingGrid" CanvasWidget.Position="36, 52" ColumnsCount="3" RowsCount="3"/>
  <InventorySlotWidget Name="CraftingResultSlot" CanvasWidget.Position="108, 284" />
  <InventorySlotWidget Name="CraftingRemainsSlot" CanvasWidget.Position="180, 284" >
    <LabelWidget Text="[CraftingTableWidget:1]"  Color="0, 0, 0, 96" HorizontalAlignment="Center" VerticalAlignment="Center"/>
  </InventorySlotWidget>
  <LabelWidget CanvasWidget.Position="36, 14" Text="[CraftingTableWidget:2]"  Color="255, 255, 255, 192"/>
  <LabelWidget CanvasWidget.Position="286, 14" Text="[CraftingTableWidget:3]"  Color="255, 255, 255, 192"/>
  <ArrowLineWidget Color="0, 0, 0, 96" Width="8" ArrowWidth="24" AbsoluteCoordinates="true" PointsString="72, 280; 72, 320; 86, 320" />
</CraftingTableWidget>
