<CreativeInventoryWidget xmlns="runtime-namespace:Game" Size="614, 382">
  
  <BevelledRectangleWidget BevelSize="3" />
  
  <StackPanelWidget Direction="Vertical" Margin="2, 0">

    <CanvasWidget Size="0, 5"/>
    
    <StackPanelWidget Name="ControlsPanel" HorizontalAlignment="Center">
      <BevelledButtonWidget Name="CategoryLeftButton" Style="{Styles/ButtonStyle_ArrowLeft}" />
      <BevelledButtonWidget Name="CategoryRightButton" Style="{Styles/ButtonStyle_ArrowRight}" />
      <BevelledButtonWidget Name="CategoryButton" Text="[CreativeInventoryWidget:1]" Size="240, 60" HorizontalAlignment="Center" VerticalAlignment="Center"  />
      <CanvasWidget Size="Infinity, 0" />
      <LabelWidget Name="PageLabel" HorizontalAlignment="Center" VerticalAlignment="Center"  Margin="6, 0"/>
      <BevelledButtonWidget Name="PageUpButton" Text="[CreativeInventoryWidget:2]" Style="{Styles/ButtonStyle_ArrowUp}" />
      <BevelledButtonWidget Name="PageDownButton" Text="[CreativeInventoryWidget:3]" Style="{Styles/ButtonStyle_ArrowDown}" />
    </StackPanelWidget>

    <CanvasWidget Size="0, 4"/>

    <CanvasWidget Name="PanelContainer" HorizontalAlignment="Center"/>

    <CanvasWidget Size="0, 6"/>

  </StackPanelWidget>
  
</CreativeInventoryWidget>
