<CrossbowWidget xmlns="runtime-namespace:Game">
  
  <BevelledRectangleWidget Size="614, 382" BevelSize="3"/>
  <LabelWidget CanvasWidget.Position="36, 14" Text="[MusketWidget:1]"  Color="255, 255, 255, 192"/>
  <LabelWidget CanvasWidget.Position="286, 14" Text="[MusketWidget:2]"  Color="255, 255, 255, 192"/>

  <GridPanelWidget Name="InventoryGrid" CanvasWidget.Position="286, 52" ColumnsCount="4" RowsCount="4"/>

  <CanvasWidget Size="230, 288" CanvasWidget.Position="36, 52">
    <InventorySlotWidget Name="InventorySlot" Size="230, 288" VerticalAlignment="Center" HideHighlightRectangle="true" ProcessingOnly="true" HideEditOverlay="true">
      <LabelWidget Name="InstructionsLabel" Text="[MusketWidget:3]"  HorizontalAlignment="Center" VerticalAlignment="Far" Margin="0, 2"/>
    </InventorySlotWidget>
  </CanvasWidget>
  
</CrossbowWidget>
