<SmeltingRecipeWidget xmlns="runtime-namespace:Game">
  <StackPanelWidget Direction="Vertical">
    <LabelWidget Name="SmeltingRecipeWidget.Name"  HorizontalAlignment="Center" Margin="0, 10"/>
    <CanvasWidget Size="400, 50" HorizontalAlignment="Center" Margin="0, 10">
      <LabelWidget Name="SmeltingRecipeWidget.Description"  HorizontalAlignment="Center" VerticalAlignment="Near" TextAnchor="HorizontalCenter" WordWrap="true"/>
    </CanvasWidget>
    <CanvasWidget Name="SmeltingRecipeWidget.Canvas" HorizontalAlignment="Center" Margin="0, 10">
      <BevelledRectangleWidget Size="400, 280" BevelSize="3" />
      <GridPanelWidget Name="SmeltingRecipeWidget.Ingredients" CanvasWidget.Position="65, 104" ColumnsCount="2" RowsCount="1" Margin="20, 0"/>
      <CraftingRecipeSlotWidget Name="SmeltingRecipeWidget.Result" CanvasWidget.Position="265, 104" />
      <CanvasWidget CanvasWidget.Position="102, 183">
        <FireWidget Name="SmeltingRecipeWidget.Fire" Size="68, 40" HorizontalAlignment="Center" VerticalAlignment="Center"/>
        <StackPanelWidget Direction="Horizontal">
          <BevelledRectangleWidget Size="24, 44" BevelSize="-2" CenterColor="0, 0, 0, 0" />
          <BevelledRectangleWidget Size="24, 44" BevelSize="-2" CenterColor="0, 0, 0, 0" />
          <BevelledRectangleWidget Size="24, 44" BevelSize="-2" CenterColor="0, 0, 0, 0" />
        </StackPanelWidget>
      </CanvasWidget>
      <ArrowLineWidget Color="0, 0, 0, 96" Width="8" ArrowWidth="24" PointsString="219, 140; 245, 140" AbsoluteCoordinates="true"/>
    </CanvasWidget>
  </StackPanelWidget>
</SmeltingRecipeWidget>
