<Screen xmlns="runtime-namespace:Game">

  <PanoramaWidget />

  <StackPanelWidget Direction="Horizontal">

    <CanvasWidget Style="{Widgets/TopBarContents}" >
      <LabelWidget Name="TopBar.Label" Text="[SettingsGraphicsScreen:1]" />
    </CanvasWidget>

    <CanvasWidget Margin="10, 20">
      <RectangleWidget FillColor="0, 0, 0, 192" OutlineColor="128, 128, 128, 128" />
      <ScrollPanelWidget Direction="Vertical" HorizontalAlignment="Center" VerticalAlignment="Center" Margin="3, 3">
        <StackPanelWidget Direction="Vertical" HorizontalAlignment="Center" VerticalAlignment="Center">

          <UniformSpacingPanelWidget Name="VrPanel" Direction="Horizontal" Margin="0, 3">
            <LabelWidget Text="[SettingsGraphicsScreen:2]"  HorizontalAlignment="Far" VerticalAlignment="Center" Margin="20, 0" />
            <BevelledButtonWidget Name="VirtualRealityButton" Style="{Styles/ButtonStyle_310x60}" VerticalAlignment="Center" Margin="20, 0" />
          </UniformSpacingPanelWidget>

          <UniformSpacingPanelWidget Direction="Horizontal" Margin="0, 3">
            <LabelWidget Text="[SettingsGraphicsScreen:3]"  HorizontalAlignment="Far" VerticalAlignment="Center" Margin="20, 0" />
            <SliderWidget Name="BrightnessSlider" Size="Infinity, 60" VerticalAlignment="Center" Margin="20, 0" />
          </UniformSpacingPanelWidget>

        </StackPanelWidget>
      </ScrollPanelWidget>
    </CanvasWidget>

  </StackPanelWidget>

</Screen>