<Clothes>
  <ClothingData Index="32"  Slot="Head" ArmorProtection="0.1" Sturdiness="25" Insulation="4.0" MovementSpeedFactor="1" SteedMovementSpeedFactor="1" DensityModifier="0.0" IsOuter="True" CanBeDyed="True" Layer="1" PlayerLevelRequired="1" TextureName="Textures/Clothing/OldHat" ImpactSoundsFolder="Audio/Impacts/Soft"  />
  <ClothingData Index="37"  Slot="Torso" ArmorProtection="0.1" Sturdiness="25" Insulation="1.0" MovementSpeedFactor="1" SteedMovementSpeedFactor="1" DensityModifier="0.0" IsOuter="False" CanBeDyed="True" Layer="0" PlayerLevelRequired="1" TextureName="Textures/Clothing/OldTankTop" ImpactSoundsFolder=""  />
  <ClothingData Index="1"  Slot="Torso" ArmorProtection="0.1" Sturdiness="25" Insulation="2.0" MovementSpeedFactor="1" SteedMovementSpeedFactor="1" DensityModifier="0.0" IsOuter="False" CanBeDyed="True" Layer="1" PlayerLevelRequired="1" TextureName="Textures/Clothing/OldShirt" ImpactSoundsFolder=""  />
  <ClothingData Index="0"  Slot="Legs" ArmorProtection="0.1" Sturdiness="25" Insulation="2.0" MovementSpeedFactor="1" SteedMovementSpeedFactor="1" DensityModifier="0.0" IsOuter="False" CanBeDyed="True" Layer="1" PlayerLevelRequired="1" TextureName="Textures/Clothing/OldPants" ImpactSoundsFolder=""  />

  <ClothingData Index="30"  Slot="Head" ArmorProtection="0.1" Sturdiness="25" Insulation="4.0" MovementSpeedFactor="1" SteedMovementSpeedFactor="1" DensityModifier="0.0" IsOuter="True" CanBeDyed="True" Layer="1" PlayerLevelRequired="1" TextureName="Textures/Clothing/CottonFedora" ImpactSoundsFolder="Audio/Impacts/Soft"  />
  <ClothingData Index="13"  Slot="Torso" ArmorProtection="0.1" Sturdiness="25" Insulation="4.0" MovementSpeedFactor="1" SteedMovementSpeedFactor="1" DensityModifier="0.0" IsOuter="False" CanBeDyed="True" Layer="1" PlayerLevelRequired="1" TextureName="Textures/Clothing/CottonShirt" ImpactSoundsFolder=""  />
  <ClothingData Index="14"  Slot="Torso" ArmorProtection="0.1" Sturdiness="25" Insulation="2.0" MovementSpeedFactor="1" SteedMovementSpeedFactor="1" DensityModifier="0.0" IsOuter="False" CanBeDyed="True" Layer="0" PlayerLevelRequired="1" TextureName="Textures/Clothing/CottonTShirt" ImpactSoundsFolder=""  />
  <ClothingData Index="15"  Slot="Torso" ArmorProtection="0.1" Sturdiness="25" Insulation="1.0" MovementSpeedFactor="1" SteedMovementSpeedFactor="1" DensityModifier="0.0" IsOuter="False" CanBeDyed="True" Layer="0" PlayerLevelRequired="1" TextureName="Textures/Clothing/CottonTankTop" ImpactSoundsFolder=""  />
  <ClothingData Index="16"  Slot="Legs" ArmorProtection="0.1" Sturdiness="25" Insulation="4.0" MovementSpeedFactor="1" SteedMovementSpeedFactor="1" DensityModifier="0.0" IsOuter="False" CanBeDyed="True" Layer="1" PlayerLevelRequired="1" TextureName="Textures/Clothing/CottonPants" ImpactSoundsFolder=""  />
  <ClothingData Index="17"  Slot="Legs" ArmorProtection="0.1" Sturdiness="25" Insulation="1.0" MovementSpeedFactor="1" SteedMovementSpeedFactor="1" DensityModifier="0.0" IsOuter="False" CanBeDyed="True" Layer="1" PlayerLevelRequired="1" TextureName="Textures/Clothing/CottonShorts" ImpactSoundsFolder=""  />

  <ClothingData Index="24"  Slot="Torso" ArmorProtection="0.1" Sturdiness="25" Insulation="12.0" MovementSpeedFactor="1" SteedMovementSpeedFactor="1" DensityModifier="0.0" IsOuter="True" CanBeDyed="True" Layer="2" PlayerLevelRequired="1" TextureName="Textures/Clothing/CottonSweater" ImpactSoundsFolder=""  />
  <ClothingData Index="25"  Slot="Legs" ArmorProtection="0.1" Sturdiness="25" Insulation="12.0" MovementSpeedFactor="1" SteedMovementSpeedFactor="1" DensityModifier="0.0" IsOuter="False" CanBeDyed="True" Layer="0" PlayerLevelRequired="1" TextureName="Textures/Clothing/CottonLongJohns" ImpactSoundsFolder=""  />
  <ClothingData Index="26"  Slot="Feet" ArmorProtection="0.1" Sturdiness="25" Insulation="8.0" MovementSpeedFactor="1" SteedMovementSpeedFactor="1" DensityModifier="0.0" IsOuter="False" CanBeDyed="True" Layer="0" PlayerLevelRequired="1" TextureName="Textures/Clothing/CottonSocks" ImpactSoundsFolder=""  />

  <ClothingData Index="31"  Slot="Head" ArmorProtection="0.5" Sturdiness="40" Insulation="8.0" MovementSpeedFactor="1" SteedMovementSpeedFactor="1" DensityModifier="0.0" IsOuter="True" CanBeDyed="True" Layer="1" PlayerLevelRequired="1" TextureName="Textures/Clothing/LeatherCowboyHat" ImpactSoundsFolder="Audio/Impacts/Soft"  />
  <ClothingData Index="11"  Slot="Head" ArmorProtection="0.5" Sturdiness="40" Insulation="8.0" MovementSpeedFactor="1" SteedMovementSpeedFactor="1" DensityModifier="0.0" IsOuter="True" CanBeDyed="True" Layer="1" PlayerLevelRequired="1" TextureName="Textures/Clothing/LeatherHat" ImpactSoundsFolder="Audio/Impacts/Soft"  />
  <ClothingData Index="5"  Slot="Torso" ArmorProtection="0.5" Sturdiness="40" Insulation="4.0" MovementSpeedFactor="1" SteedMovementSpeedFactor="1" DensityModifier="0.0" IsOuter="False" CanBeDyed="True" Layer="2" PlayerLevelRequired="1" TextureName="Textures/Clothing/LeatherJerkin" ImpactSoundsFolder="Audio/Impacts/Soft"  />
  <ClothingData Index="12"  Slot="Legs" ArmorProtection="0.5" Sturdiness="40" Insulation="4.0" MovementSpeedFactor="1" SteedMovementSpeedFactor="1" DensityModifier="0.0" IsOuter="False" CanBeDyed="True" Layer="1" PlayerLevelRequired="1" TextureName="Textures/Clothing/LeatherPants" ImpactSoundsFolder="Audio/Impacts/Soft"  />
  <ClothingData Index="29"  Slot="Feet" ArmorProtection="0.5" Sturdiness="20" Insulation="8.0" MovementSpeedFactor="1.2" SteedMovementSpeedFactor="1" DensityModifier="0.0" IsOuter="True" CanBeDyed="True" Layer="1" PlayerLevelRequired="1" TextureName="Textures/Clothing/LeatherSandals" ImpactSoundsFolder="Audio/Impacts/Soft"  />
  <ClothingData Index="8"  Slot="Feet" ArmorProtection="0.5" Sturdiness="40" Insulation="12.0" MovementSpeedFactor="1.25" SteedMovementSpeedFactor="1" DensityModifier="0.0" IsOuter="True" CanBeDyed="True" Layer="1" PlayerLevelRequired="1" TextureName="Textures/Clothing/LeatherBoots" ImpactSoundsFolder="Audio/Impacts/Soft"  />
  <ClothingData Index="27"  Slot="Feet" ArmorProtection="0.75" Sturdiness="60" Insulation="16.0" MovementSpeedFactor="1.25" SteedMovementSpeedFactor="1.05" DensityModifier="0.0" IsOuter="True" CanBeDyed="False" Layer="1" PlayerLevelRequired="1" TextureName="Textures/Clothing/CavalryBoots" ImpactSoundsFolder="Audio/Impacts/Soft"  />

  <ClothingData Index="18"  Slot="Head" ArmorProtection="0.25" Sturdiness="30" Insulation="16.0" MovementSpeedFactor="1" SteedMovementSpeedFactor="1" DensityModifier="0.0" IsOuter="True" CanBeDyed="True" Layer="1" PlayerLevelRequired="1" TextureName="Textures/Clothing/FurHat" ImpactSoundsFolder="Audio/Impacts/Soft"  />
  <ClothingData Index="6"  Slot="Torso" ArmorProtection="0.25" Sturdiness="30" Insulation="16.0" MovementSpeedFactor="0.95" SteedMovementSpeedFactor="1" DensityModifier="0.0" IsOuter="True" CanBeDyed="True" Layer="4" PlayerLevelRequired="1" TextureName="Textures/Clothing/FurCoat" ImpactSoundsFolder="Audio/Impacts/Soft"  />
  <ClothingData Index="7"  Slot="Legs" ArmorProtection="0.25" Sturdiness="30" Insulation="16.0" MovementSpeedFactor="0.95" SteedMovementSpeedFactor="1" DensityModifier="0.0" IsOuter="True" CanBeDyed="True" Layer="4" PlayerLevelRequired="1" TextureName="Textures/Clothing/FurLeggings" ImpactSoundsFolder="Audio/Impacts/Soft"  />

  <ClothingData Index="23"  Slot="Torso" ArmorProtection="1.0" Sturdiness="15" Insulation="0.0" MovementSpeedFactor="1" SteedMovementSpeedFactor="1" DensityModifier="0.0" IsOuter="True" CanBeDyed="False" Layer="4" PlayerLevelRequired="1" TextureName="Textures/Clothing/WoodenChestPlate" ImpactSoundsFolder="Audio/Impacts/Wood"  />
  <ClothingData Index="28"  Slot="Legs" ArmorProtection="1.0" Sturdiness="15" Insulation="0.0" MovementSpeedFactor="1" SteedMovementSpeedFactor="1" DensityModifier="0.0" IsOuter="True" CanBeDyed="False" Layer="4" PlayerLevelRequired="1" TextureName="Textures/Clothing/WoodenLeggings" ImpactSoundsFolder="Audio/Impacts/Wood"  />

  <ClothingData Index="33"  Slot="Head" ArmorProtection="1.0" Sturdiness="60" Insulation="2.0" MovementSpeedFactor="1" SteedMovementSpeedFactor="1" DensityModifier="0.5" IsOuter="True" CanBeDyed="False" Layer="1" PlayerLevelRequired="1" TextureName="Textures/Clothing/CopperHelmet" ImpactSoundsFolder="Audio/Impacts/Metal"  />
  <ClothingData Index="34"  Slot="Torso" ArmorProtection="1.0" Sturdiness="60" Insulation="2.0" MovementSpeedFactor="0.95" SteedMovementSpeedFactor="1" DensityModifier="1.5" IsOuter="True" CanBeDyed="False" Layer="4" PlayerLevelRequired="1" TextureName="Textures/Clothing/CopperChestPlate" ImpactSoundsFolder="Audio/Impacts/Metal"  />
  <ClothingData Index="35"  Slot="Legs" ArmorProtection="1.0" Sturdiness="60" Insulation="2.0" MovementSpeedFactor="0.95" SteedMovementSpeedFactor="1" DensityModifier="1.5" IsOuter="True" CanBeDyed="False" Layer="4" PlayerLevelRequired="1" TextureName="Textures/Clothing/CopperLeggings" ImpactSoundsFolder="Audio/Impacts/Metal"  />
  <ClothingData Index="36"  Slot="Feet" ArmorProtection="1.0" Sturdiness="60" Insulation="2.0" MovementSpeedFactor="1.2" SteedMovementSpeedFactor="1" DensityModifier="0.5" IsOuter="True" CanBeDyed="False" Layer="1" PlayerLevelRequired="1" TextureName="Textures/Clothing/CopperBoots" ImpactSoundsFolder="Audio/Impacts/Metal"  />

  <ClothingData Index="2"  Slot="Torso" ArmorProtection="1.0" Sturdiness="50" Insulation="0.0" MovementSpeedFactor="1" SteedMovementSpeedFactor="1" DensityModifier="0.5" IsOuter="True" CanBeDyed="False" Layer="3" PlayerLevelRequired="1" TextureName="Textures/Clothing/ChainMail" ImpactSoundsFolder="Audio/Impacts/Soft"  />

  <ClothingData Index="10"  Slot="Head" ArmorProtection="1.0" Sturdiness="100" Insulation="2.0" MovementSpeedFactor="1" SteedMovementSpeedFactor="1" DensityModifier="0.5" IsOuter="True" CanBeDyed="False" Layer="1" PlayerLevelRequired="1" TextureName="Textures/Clothing/IronHelmet" ImpactSoundsFolder="Audio/Impacts/Metal"  />
  <ClothingData Index="3"  Slot="Torso" ArmorProtection="1.0" Sturdiness="100" Insulation="2.0" MovementSpeedFactor="0.95" SteedMovementSpeedFactor="1" DensityModifier="1.5" IsOuter="True" CanBeDyed="False" Layer="4" PlayerLevelRequired="1" TextureName="Textures/Clothing/IronChestPlate" ImpactSoundsFolder="Audio/Impacts/Metal"  />
  <ClothingData Index="4"  Slot="Legs" ArmorProtection="1.0" Sturdiness="100" Insulation="2.0" MovementSpeedFactor="0.95" SteedMovementSpeedFactor="1" DensityModifier="1.5" IsOuter="True" CanBeDyed="False" Layer="4" PlayerLevelRequired="1" TextureName="Textures/Clothing/IronLeggings" ImpactSoundsFolder="Audio/Impacts/Metal"  />
  <ClothingData Index="9"  Slot="Feet" ArmorProtection="1.0" Sturdiness="100" Insulation="2.0" MovementSpeedFactor="1.2" SteedMovementSpeedFactor="1" DensityModifier="0.5" IsOuter="True" CanBeDyed="False" Layer="1" PlayerLevelRequired="1" TextureName="Textures/Clothing/IronBoots" ImpactSoundsFolder="Audio/Impacts/Metal"  />

  <ClothingData Index="21"  Slot="Head" ArmorProtection="1.0" Sturdiness="200" Insulation="2.0" MovementSpeedFactor="1" SteedMovementSpeedFactor="1" DensityModifier="0.2" IsOuter="True" CanBeDyed="False" Layer="1" PlayerLevelRequired="2" TextureName="Textures/Clothing/DiamondHelmet" ImpactSoundsFolder="Audio/Impacts/Metal"  />
  <ClothingData Index="19"  Slot="Torso" ArmorProtection="1.0" Sturdiness="200" Insulation="2.0" MovementSpeedFactor="1" SteedMovementSpeedFactor="1" DensityModifier="0.5" IsOuter="True" CanBeDyed="False" Layer="4" PlayerLevelRequired="2" TextureName="Textures/Clothing/DiamondChestPlate" ImpactSoundsFolder="Audio/Impacts/Metal"  />
  <ClothingData Index="20"  Slot="Legs" ArmorProtection="1.0" Sturdiness="200" Insulation="2.0" MovementSpeedFactor="1" SteedMovementSpeedFactor="1" DensityModifier="0.5" IsOuter="True" CanBeDyed="False" Layer="4" PlayerLevelRequired="2" TextureName="Textures/Clothing/DiamondLeggings" ImpactSoundsFolder="Audio/Impacts/Metal"  />
  <ClothingData Index="22"  Slot="Feet" ArmorProtection="1.0" Sturdiness="200" Insulation="2.0" MovementSpeedFactor="1.2" SteedMovementSpeedFactor="1" DensityModifier="0.2" IsOuter="True" CanBeDyed="False" Layer="1" PlayerLevelRequired="2" TextureName="Textures/Clothing/DiamondBoots" ImpactSoundsFolder="Audio/Impacts/Metal"  />

</Clothes>