<CanvasWidget xmlns="runtime-namespace:Game">

	<CanvasWidget Size="600, 260" ClampToBounds="true" HorizontalAlignment="Center" VerticalAlignment="Center">
		<RectangleWidget FillColor="0, 0, 0, 255" OutlineColor="128, 128, 128, 128" OutlineThickness="2" />
		<UniformSpacingPanelWidget Direction="Vertical" HorizontalAlignment="Center">
			<StackPanelWidget Direction="Vertical" HorizontalAlignment="Center" VerticalAlignment="Center">
				<LabelWidget Name="CancellableBusyDialog.LargeLabel"  Color="255, 255, 255" HorizontalAlignment="Center" VerticalAlignment="Near" Margin="10, 5"/>
				<LabelWidget Name="CancellableBusyDialog.SmallLabel"  Color="128, 128, 128" HorizontalAlignment="Center" VerticalAlignment="Near" TextAnchor="HorizontalCenter" WordWrap="true" Margin="10, 5"/>
			</StackPanelWidget>
			<BusyBarWidget HorizontalAlignment="Center" VerticalAlignment="Center" LitBarColor="255, 255, 255" UnlitBarColor="64, 64, 64, 64"/>
			<StackPanelWidget Direction="Horizontal" HorizontalAlignment="Center" VerticalAlignment="Center">
				<BevelledButtonWidget Name="CancellableBusyDialog.CancelButton" Style="{Styles/ButtonStyle_310x60}" HorizontalAlignment="Center" VerticalAlignment="Center" Text="[CancellableBusyDialog:1]"/>
				<BevelledButtonWidget Name="CancellableBusyDialog.HideButton" Style="{Styles/ButtonStyle_310x60}" HorizontalAlignment="Center" VerticalAlignment="Center" Text="后台处理" Margin="20, 0"/>
			</StackPanelWidget>
		</UniformSpacingPanelWidget>
	</CanvasWidget>

</CanvasWidget>
