<StackPanelWidget xmlns="runtime-namespace:Game" Direction="Horizontal" VerticalAlignment="Center" Margin="0, 0">
  <RectangleWidget Name="CommunityContentItem.Icon" FillColor="255, 255, 255" OutlineColor="0, 0, 0, 0" Size="64, 64" VerticalAlignment="Center" HorizontalAlignment="Center"/>
  <StackPanelWidget xmlns="runtime-namespace:Game" Direction="Vertical" Margin="0, 0">
    <LabelWidget Name="CommunityContentItem.Text" Text="[CommunityContentItem:1]"  Color="255, 255, 255" VerticalAlignment="Center" Margin="10, 0"/>
    <StackPanelWidget xmlns="runtime-namespace:Game" Direction="Horizontal" Margin="5, 0">
      <LabelWidget Name="CommunityContentItem.Details" Text="[CommunityContentItem:2]"  Color="128, 128, 128" VerticalAlignment="Center" Margin="5, 0"/>
      <StarRatingWidget Name="CommunityContentItem.Rating" IsEnabled="false" StarSize="24" VerticalAlignment="Center" Margin="5, 0"/>
      <LabelWidget Name="CommunityContentItem.ExtraText" Text="[CommunityContentItem:3]"  Color="128, 128, 128" VerticalAlignment="Center" Margin="5, 0"/>
    </StackPanelWidget>
  </StackPanelWidget>
</StackPanelWidget>
